name,lat,lon,priority
"Lafayette, Colorado hometown",39.994,-105.090,5
"Boulder and the Flatirons, Colorado",40.015,-105.271,4
"South San Francisco Bay, Stanford and Moffett Field",37.444,-122.160,4
"Los Angeles basin, UCLA and Pasadena",34.054,-118.243,4
"Hanksville and Mars Desert Research Station terrain, Utah",38.405,-110.790,5
"Florida Keys, Aquarius and Conch Reef",24.950,-80.453,5
"Grand Canyon, Arizona",36.308,-112.293,5
"Yosemite Valley and central Sierra Nevada, California",37.733,-119.606,4
"Death Valley, California",36.470,-117.088,5
"Houston and Galveston Bay, Texas",29.570,-94.937,3
"Cape Canaveral and Kennedy Space Center coastline, Florida",28.607,-80.604,3
"Dubai, United Arab Emirates",25.265,55.292,4
